--
-- PostgreSQL database dump
--

-- Dumped from database version 12.17 (Ubuntu 12.17-1.pgdg22.04+1)
-- Dumped by pg_dump version 12.17 (Ubuntu 12.17-1.pgdg22.04+1)

SET statement_timeout = 0;
SET lock_timeout = 0;
SET idle_in_transaction_session_timeout = 0;
SET client_encoding = 'UTF8';
SET standard_conforming_strings = on;
SELECT pg_catalog.set_config('search_path', '', false);
SET check_function_bodies = false;
SET xmloption = content;
SET client_min_messages = warning;
SET row_security = off;

DROP DATABASE universe;
--
-- Name: universe; Type: DATABASE; Schema: -; Owner: freecodecamp
--

CREATE DATABASE universe WITH TEMPLATE = template0 ENCODING = 'UTF8' LC_COLLATE = 'C.UTF-8' LC_CTYPE = 'C.UTF-8';


ALTER DATABASE universe OWNER TO freecodecamp;

\connect universe

SET statement_timeout = 0;
SET lock_timeout = 0;
SET idle_in_transaction_session_timeout = 0;
SET client_encoding = 'UTF8';
SET standard_conforming_strings = on;
SELECT pg_catalog.set_config('search_path', '', false);
SET check_function_bodies = false;
SET xmloption = content;
SET client_min_messages = warning;
SET row_security = off;

SET default_tablespace = '';

SET default_table_access_method = heap;

--
-- Name: astronomer; Type: TABLE; Schema: public; Owner: freecodecamp
--

CREATE TABLE public.astronomer (
    astronomer_id integer NOT NULL,
    name character varying(100) NOT NULL,
    biography text,
    discoveries integer NOT NULL,
    is_active boolean NOT NULL
);


ALTER TABLE public.astronomer OWNER TO freecodecamp;

--
-- Name: astronomer_astronomer_id_seq; Type: SEQUENCE; Schema: public; Owner: freecodecamp
--

CREATE SEQUENCE public.astronomer_astronomer_id_seq
    AS integer
    START WITH 1
    INCREMENT BY 1
    NO MINVALUE
    NO MAXVALUE
    CACHE 1;


ALTER TABLE public.astronomer_astronomer_id_seq OWNER TO freecodecamp;

--
-- Name: astronomer_astronomer_id_seq; Type: SEQUENCE OWNED BY; Schema: public; Owner: freecodecamp
--

ALTER SEQUENCE public.astronomer_astronomer_id_seq OWNED BY public.astronomer.astronomer_id;


--
-- Name: galaxy; Type: TABLE; Schema: public; Owner: freecodecamp
--

CREATE TABLE public.galaxy (
    galaxy_id integer NOT NULL,
    name character varying(100) NOT NULL,
    distance_from_earth numeric(10,2) NOT NULL,
    number_of_stars integer NOT NULL,
    is_visible boolean NOT NULL
);


ALTER TABLE public.galaxy OWNER TO freecodecamp;

--
-- Name: galaxy_galaxy_id_seq; Type: SEQUENCE; Schema: public; Owner: freecodecamp
--

CREATE SEQUENCE public.galaxy_galaxy_id_seq
    AS integer
    START WITH 1
    INCREMENT BY 1
    NO MINVALUE
    NO MAXVALUE
    CACHE 1;


ALTER TABLE public.galaxy_galaxy_id_seq OWNER TO freecodecamp;

--
-- Name: galaxy_galaxy_id_seq; Type: SEQUENCE OWNED BY; Schema: public; Owner: freecodecamp
--

ALTER SEQUENCE public.galaxy_galaxy_id_seq OWNED BY public.galaxy.galaxy_id;


--
-- Name: moon; Type: TABLE; Schema: public; Owner: freecodecamp
--

CREATE TABLE public.moon (
    moon_id integer NOT NULL,
    name character varying(100) NOT NULL,
    planet_id integer,
    orbital_period_days numeric(5,2) NOT NULL,
    has_atmosphere boolean NOT NULL
);


ALTER TABLE public.moon OWNER TO freecodecamp;

--
-- Name: moon_moon_id_seq; Type: SEQUENCE; Schema: public; Owner: freecodecamp
--

CREATE SEQUENCE public.moon_moon_id_seq
    AS integer
    START WITH 1
    INCREMENT BY 1
    NO MINVALUE
    NO MAXVALUE
    CACHE 1;


ALTER TABLE public.moon_moon_id_seq OWNER TO freecodecamp;

--
-- Name: moon_moon_id_seq; Type: SEQUENCE OWNED BY; Schema: public; Owner: freecodecamp
--

ALTER SEQUENCE public.moon_moon_id_seq OWNED BY public.moon.moon_id;


--
-- Name: planet; Type: TABLE; Schema: public; Owner: freecodecamp
--

CREATE TABLE public.planet (
    planet_id integer NOT NULL,
    name character varying(100) NOT NULL,
    star_id integer,
    diameter integer NOT NULL,
    has_life boolean NOT NULL
);


ALTER TABLE public.planet OWNER TO freecodecamp;

--
-- Name: planet_planet_id_seq; Type: SEQUENCE; Schema: public; Owner: freecodecamp
--

CREATE SEQUENCE public.planet_planet_id_seq
    AS integer
    START WITH 1
    INCREMENT BY 1
    NO MINVALUE
    NO MAXVALUE
    CACHE 1;


ALTER TABLE public.planet_planet_id_seq OWNER TO freecodecamp;

--
-- Name: planet_planet_id_seq; Type: SEQUENCE OWNED BY; Schema: public; Owner: freecodecamp
--

ALTER SEQUENCE public.planet_planet_id_seq OWNED BY public.planet.planet_id;


--
-- Name: star; Type: TABLE; Schema: public; Owner: freecodecamp
--

CREATE TABLE public.star (
    star_id integer NOT NULL,
    name character varying(100) NOT NULL,
    galaxy_id integer,
    mass numeric(10,3) NOT NULL,
    is_active boolean NOT NULL
);


ALTER TABLE public.star OWNER TO freecodecamp;

--
-- Name: star_star_id_seq; Type: SEQUENCE; Schema: public; Owner: freecodecamp
--

CREATE SEQUENCE public.star_star_id_seq
    AS integer
    START WITH 1
    INCREMENT BY 1
    NO MINVALUE
    NO MAXVALUE
    CACHE 1;


ALTER TABLE public.star_star_id_seq OWNER TO freecodecamp;

--
-- Name: star_star_id_seq; Type: SEQUENCE OWNED BY; Schema: public; Owner: freecodecamp
--

ALTER SEQUENCE public.star_star_id_seq OWNED BY public.star.star_id;


--
-- Name: astronomer astronomer_id; Type: DEFAULT; Schema: public; Owner: freecodecamp
--

ALTER TABLE ONLY public.astronomer ALTER COLUMN astronomer_id SET DEFAULT nextval('public.astronomer_astronomer_id_seq'::regclass);


--
-- Name: galaxy galaxy_id; Type: DEFAULT; Schema: public; Owner: freecodecamp
--

ALTER TABLE ONLY public.galaxy ALTER COLUMN galaxy_id SET DEFAULT nextval('public.galaxy_galaxy_id_seq'::regclass);


--
-- Name: moon moon_id; Type: DEFAULT; Schema: public; Owner: freecodecamp
--

ALTER TABLE ONLY public.moon ALTER COLUMN moon_id SET DEFAULT nextval('public.moon_moon_id_seq'::regclass);


--
-- Name: planet planet_id; Type: DEFAULT; Schema: public; Owner: freecodecamp
--

ALTER TABLE ONLY public.planet ALTER COLUMN planet_id SET DEFAULT nextval('public.planet_planet_id_seq'::regclass);


--
-- Name: star star_id; Type: DEFAULT; Schema: public; Owner: freecodecamp
--

ALTER TABLE ONLY public.star ALTER COLUMN star_id SET DEFAULT nextval('public.star_star_id_seq'::regclass);


--
-- Data for Name: astronomer; Type: TABLE DATA; Schema: public; Owner: freecodecamp
--

INSERT INTO public.astronomer VALUES (1, 'Galileo Galilei', 'Pioneering astronomer and physicist.', 5, false);
INSERT INTO public.astronomer VALUES (2, 'Carl Sagan', 'Astrophysicist and cosmologist known for popular science.', 3, false);
INSERT INTO public.astronomer VALUES (3, 'Edwin Hubble', 'Astronomer known for the Hubble Space Telescope.', 7, false);


--
-- Data for Name: galaxy; Type: TABLE DATA; Schema: public; Owner: freecodecamp
--

INSERT INTO public.galaxy VALUES (1, 'Milky Way', 0.00, 1000000000, true);
INSERT INTO public.galaxy VALUES (2, 'Andromeda', 2537000.00, 1000000000, true);
INSERT INTO public.galaxy VALUES (3, 'Triangulum', 3000000.00, 40000000, true);
INSERT INTO public.galaxy VALUES (4, 'Whirlpool', 23000000.00, 300000000, true);
INSERT INTO public.galaxy VALUES (5, 'Sombrero', 29000000.00, 80000000, true);
INSERT INTO public.galaxy VALUES (6, 'Pinwheel', 21000000.00, 1000000000, false);


--
-- Data for Name: moon; Type: TABLE DATA; Schema: public; Owner: freecodecamp
--

INSERT INTO public.moon VALUES (1, 'Moon', 1, 27.30, false);
INSERT INTO public.moon VALUES (2, 'Phobos', 2, 0.30, false);
INSERT INTO public.moon VALUES (3, 'Deimos', 2, 1.30, false);
INSERT INTO public.moon VALUES (4, 'Europa', 3, 3.50, true);
INSERT INTO public.moon VALUES (5, 'Ganymede', 3, 7.20, true);
INSERT INTO public.moon VALUES (6, 'Callisto', 3, 16.70, false);
INSERT INTO public.moon VALUES (7, 'Io', 3, 1.80, true);
INSERT INTO public.moon VALUES (8, 'Proxima b Moon 1', 4, 10.10, false);
INSERT INTO public.moon VALUES (9, 'Proxima c Moon 1', 5, 20.50, false);
INSERT INTO public.moon VALUES (10, 'Sirius b Moon 1', 6, 15.70, false);
INSERT INTO public.moon VALUES (11, 'Vega b Moon 1', 7, 12.00, false);
INSERT INTO public.moon VALUES (12, 'Vega c Moon 1', 8, 14.30, false);
INSERT INTO public.moon VALUES (13, 'Rigel b Moon 1', 9, 25.80, false);
INSERT INTO public.moon VALUES (14, 'Rigel c Moon 1', 10, 30.00, false);
INSERT INTO public.moon VALUES (15, 'Betelgeuse b Moon 1', 11, 40.00, false);
INSERT INTO public.moon VALUES (16, 'Betelgeuse c Moon 1', 12, 50.00, false);
INSERT INTO public.moon VALUES (17, 'Betelgeuse b Moon 2', 11, 60.00, false);
INSERT INTO public.moon VALUES (18, 'Betelgeuse c Moon 2', 12, 45.00, false);
INSERT INTO public.moon VALUES (19, 'Proxima b Moon 2', 4, 35.00, false);
INSERT INTO public.moon VALUES (20, 'Proxima c Moon 2', 5, 25.00, false);


--
-- Data for Name: planet; Type: TABLE DATA; Schema: public; Owner: freecodecamp
--

INSERT INTO public.planet VALUES (1, 'Earth', 1, 12742, true);
INSERT INTO public.planet VALUES (2, 'Mars', 1, 6779, false);
INSERT INTO public.planet VALUES (3, 'Jupiter', 1, 139820, false);
INSERT INTO public.planet VALUES (4, 'Proxima b', 2, 11660, true);
INSERT INTO public.planet VALUES (5, 'Proxima c', 2, 10000, false);
INSERT INTO public.planet VALUES (6, 'Sirius b', 4, 12300, false);
INSERT INTO public.planet VALUES (7, 'Vega b', 5, 14500, false);
INSERT INTO public.planet VALUES (8, 'Vega c', 5, 12200, false);
INSERT INTO public.planet VALUES (9, 'Rigel b', 6, 70000, false);
INSERT INTO public.planet VALUES (10, 'Rigel c', 6, 60000, false);
INSERT INTO public.planet VALUES (11, 'Betelgeuse b', 3, 150000, false);
INSERT INTO public.planet VALUES (12, 'Betelgeuse c', 3, 130000, false);


--
-- Data for Name: star; Type: TABLE DATA; Schema: public; Owner: freecodecamp
--

INSERT INTO public.star VALUES (1, 'Sun', 1, 1.989, true);
INSERT INTO public.star VALUES (2, 'Proxima Centauri', 1, 0.123, true);
INSERT INTO public.star VALUES (3, 'Betelgeuse', 1, 18.000, true);
INSERT INTO public.star VALUES (4, 'Sirius A', 2, 2.063, true);
INSERT INTO public.star VALUES (5, 'Vega', 2, 2.135, true);
INSERT INTO public.star VALUES (6, 'Rigel', 3, 21.000, false);


--
-- Name: astronomer_astronomer_id_seq; Type: SEQUENCE SET; Schema: public; Owner: freecodecamp
--

SELECT pg_catalog.setval('public.astronomer_astronomer_id_seq', 3, true);


--
-- Name: galaxy_galaxy_id_seq; Type: SEQUENCE SET; Schema: public; Owner: freecodecamp
--

SELECT pg_catalog.setval('public.galaxy_galaxy_id_seq', 6, true);


--
-- Name: moon_moon_id_seq; Type: SEQUENCE SET; Schema: public; Owner: freecodecamp
--

SELECT pg_catalog.setval('public.moon_moon_id_seq', 20, true);


--
-- Name: planet_planet_id_seq; Type: SEQUENCE SET; Schema: public; Owner: freecodecamp
--

SELECT pg_catalog.setval('public.planet_planet_id_seq', 12, true);


--
-- Name: star_star_id_seq; Type: SEQUENCE SET; Schema: public; Owner: freecodecamp
--

SELECT pg_catalog.setval('public.star_star_id_seq', 6, true);


--
-- Name: astronomer astronomer_name_key; Type: CONSTRAINT; Schema: public; Owner: freecodecamp
--

ALTER TABLE ONLY public.astronomer
    ADD CONSTRAINT astronomer_name_key UNIQUE (name);


--
-- Name: astronomer astronomer_pkey; Type: CONSTRAINT; Schema: public; Owner: freecodecamp
--

ALTER TABLE ONLY public.astronomer
    ADD CONSTRAINT astronomer_pkey PRIMARY KEY (astronomer_id);


--
-- Name: galaxy galaxy_name_key; Type: CONSTRAINT; Schema: public; Owner: freecodecamp
--

ALTER TABLE ONLY public.galaxy
    ADD CONSTRAINT galaxy_name_key UNIQUE (name);


--
-- Name: galaxy galaxy_pkey; Type: CONSTRAINT; Schema: public; Owner: freecodecamp
--

ALTER TABLE ONLY public.galaxy
    ADD CONSTRAINT galaxy_pkey PRIMARY KEY (galaxy_id);


--
-- Name: moon moon_name_key; Type: CONSTRAINT; Schema: public; Owner: freecodecamp
--

ALTER TABLE ONLY public.moon
    ADD CONSTRAINT moon_name_key UNIQUE (name);


--
-- Name: moon moon_pkey; Type: CONSTRAINT; Schema: public; Owner: freecodecamp
--

ALTER TABLE ONLY public.moon
    ADD CONSTRAINT moon_pkey PRIMARY KEY (moon_id);


--
-- Name: planet planet_name_key; Type: CONSTRAINT; Schema: public; Owner: freecodecamp
--

ALTER TABLE ONLY public.planet
    ADD CONSTRAINT planet_name_key UNIQUE (name);


--
-- Name: planet planet_pkey; Type: CONSTRAINT; Schema: public; Owner: freecodecamp
--

ALTER TABLE ONLY public.planet
    ADD CONSTRAINT planet_pkey PRIMARY KEY (planet_id);


--
-- Name: star star_name_key; Type: CONSTRAINT; Schema: public; Owner: freecodecamp
--

ALTER TABLE ONLY public.star
    ADD CONSTRAINT star_name_key UNIQUE (name);


--
-- Name: star star_pkey; Type: CONSTRAINT; Schema: public; Owner: freecodecamp
--

ALTER TABLE ONLY public.star
    ADD CONSTRAINT star_pkey PRIMARY KEY (star_id);


--
-- Name: moon moon_planet_id_fkey; Type: FK CONSTRAINT; Schema: public; Owner: freecodecamp
--

ALTER TABLE ONLY public.moon
    ADD CONSTRAINT moon_planet_id_fkey FOREIGN KEY (planet_id) REFERENCES public.planet(planet_id) ON DELETE CASCADE;


--
-- Name: planet planet_star_id_fkey; Type: FK CONSTRAINT; Schema: public; Owner: freecodecamp
--

ALTER TABLE ONLY public.planet
    ADD CONSTRAINT planet_star_id_fkey FOREIGN KEY (star_id) REFERENCES public.star(star_id) ON DELETE CASCADE;


--
-- Name: star star_galaxy_id_fkey; Type: FK CONSTRAINT; Schema: public; Owner: freecodecamp
--

ALTER TABLE ONLY public.star
    ADD CONSTRAINT star_galaxy_id_fkey FOREIGN KEY (galaxy_id) REFERENCES public.galaxy(galaxy_id) ON DELETE CASCADE;


--
-- PostgreSQL database dump complete
--

